url_path,views_total,views_unique
/AmosDinh/Reinforce_TrainReScheduling,3,2
/AmosDinh/Reinforce_TrainReScheduling/commits/main,2,1
/AmosDinh/Reinforce_TrainReScheduling/commit/14a185447a4f29ed7292626ee7f146f94548fa6d,1,1
/AmosDinh/Reinforce_TrainReScheduling/commit/46bc7a84d155c58d9dc2f19cdc782fe23bae68ba,1,1
/AmosDinh/Reinforce_TrainReScheduling/commit/4845f8db851d11e70343b4eef08f48e4808b7c40,1,1
/AmosDinh/Reinforce_TrainReScheduling/commit/4eb62782d7b802527a22bbd4b3df354beaa62ca3,1,1
/AmosDinh/Reinforce_TrainReScheduling/commit/a9ea8adc7c83691a0dbb9b2a9364d7e2dbde9525,1,1
/AmosDinh/Reinforce_TrainReScheduling/commit/dc57c4ffc0c2dd34bc231e6f3fc91de63e96ee24,1,1
/AmosDinh/Reinforce_TrainReScheduling/graphs/contributors,1,1
